Metric,Supplier_Lead_Time,Inventory_Levels,Order_Frequency,Delivery_Performance,Cost_Per_Unit
Supplier_Lead_Time,1,0.3887045681,-0.8914646416,-0.9142618813,0.9601013477
Inventory_Levels,0.3887045681,1,-0.3266252997,-0.2772736145,0.3628083191
Order_Frequency,-0.8914646416,-0.3266252997,1,0.8434044543,-0.852432835
Delivery_Performance,-0.9142618813,-0.2772736145,0.8434044543,1,-0.9245573238
Cost_Per_Unit,0.9601013477,0.3628083191,-0.852432835,-0.9245573238,1